Top 30 Ukrainian Songs!: 

{:title=>"Погляд", :link=>"https://meloua.com/stream/yaktak-sobol-poglyad", :duration=>"02:56", :group=>"Yaktak, Sobol"}
{:title=>"Just Fly", :link=>"https://meloua.com/stream/max-barskih-just-fly", :duration=>"03:07", :group=>"Max Barskih"}
{:title=>"Мрія", :link=>"https://meloua.com/stream/jerry-heil-mriya", :duration=>"03:02", :group=>"Jerry Heil"}
{:title=>"Не продам (ft. Схожа)", :link=>"https://meloua.com/stream/khas-ne-prodam-ft-skhozha", :duration=>"03:09", :group=>"ХАС"}
{:title=>"Незамінних", :link=>"https://meloua.com/stream/mayorova-nezaminnikh", :duration=>"02:32", :group=>"MAYOROVA"}
{:title=>"Додому", :link=>"https://meloua.com/stream/wellboy-dodomu", :duration=>"02:50", :group=>"Wellboy"}
{:title=>"Щоб Не Було", :link=>"https://meloua.com/stream/dorofeeva-shchob-ne-bulo", :duration=>"01:50", :group=>"DOROFEEVA"}
{:title=>"ІНША ЛЮБОВ", :link=>"https://meloua.com/stream/enleo-insha-lyubov", :duration=>"04:11", :group=>"ENLEO"}
{:title=>"Хвилями", :link=>"https://meloua.com/stream/skylerr-khvilyami", :duration=>"02:29", :group=>"Skylerr"}
{:title=>"Силуети (feat. СТРУКТУРА ЩАСТЯ)", :link=>"https://meloua.com/stream/sadsvit-silueti-feat-struktura-shchastya", :duration=>"03:07", :group=>"SadSvit"}
{:title=>"Тебе-собі", :link=>"https://meloua.com/stream/kola-tebe-sobi", :duration=>"02:02", :group=>"KOLA"}
{:title=>"Ти Неймовірна", :link=>"https://meloua.com/stream/quest-pistols-ti-neymovirna", :duration=>"02:48", :group=>"QUEST PISTOLS"}
{:title=>"Сіґеле-міґеле", :link=>"https://meloua.com/stream/nazva-sigele-migele", :duration=>"03:52", :group=>"NAZVA"}
{:title=>"CHANGES", :link=>"https://meloua.com/stream/kalush-orchestra-changes", :duration=>"03:06", :group=>"Kalush Orchestra"}
{:title=>"Мила", :link=>"https://meloua.com/stream/golubenko-clonnex-mila", :duration=>"02:52", :group=>"Golubenko, Clonnex"}
{:title=>"Чути Гімн", :link=>"https://meloua.com/stream/skofka-chuti-gimn", :duration=>"02:28", :group=>"Skofka"}
{:title=>"Вродлива", :link=>"https://meloua.com/stream/yaktak-vrodliva", :duration=>"02:30", :group=>"YAKTAK"}
{:title=>"Веди Мене В Храм", :link=>"https://meloua.com/stream/enleo-vedi-mene-v-khram", :duration=>"03:55", :group=>"Enleo"}
{:title=>"Відьми", :link=>"https://meloua.com/stream/balkon-vidmi", :duration=>"03:21", :group=>"Balkon"}
{:title=>"Касета", :link=>"https://meloua.com/stream/sadsvit-kaseta", :duration=>"02:24", :group=>"SadSvit"}
{:title=>"Парова машина (ft. Ярина Квасній)", :link=>"https://meloua.com/stream/the-budchuk-parova-mashina-ft-yarina-kvasniy", :duration=>"02:17", :group=>"The Budchuk"}
{:title=>"Там У Тополі", :link=>"https://meloua.com/stream/artem-pivovarov-nk-nastya-kamenskikh-tam-u-topoli", :duration=>"03:14", :group=>"Артем Пивоваров, NK (Настя Каменських)"}
{:title=>"Фортеця Бахмут", :link=>"https://meloua.com/stream/antitila-fortetsya-bakhmut", :duration=>"03:19", :group=>"Антитіла"}
{:title=>"ДИКЕ ПОЛЕ (FT. ALISA)", :link=>"https://meloua.com/stream/yarmak-dike-pole-ft-alisa", :duration=>"03:26", :group=>"YARMAK"}
{:title=>"Козацькому Роду", :link=>"https://meloua.com/stream/jerry-heil-kozatskomu-rodu", :duration=>"02:12", :group=>"Jerry Heil"}
{:title=>"Повільно", :link=>"https://meloua.com/stream/adam-povilno", :duration=>"02:46", :group=>"Adam"}
{:title=>"Провела Екскурсію", :link=>"https://meloua.com/stream/parfeniuk-provela-ekskursiyu", :duration=>"02:42", :group=>"Parfeniuk"}
{:title=>"Біля Серця", :link=>"https://meloua.com/stream/kola-bilya-sertsya", :duration=>"02:16", :group=>"Kola"}
{:title=>"In The Shadows of Ukraine", :link=>"https://meloua.com/stream/kalush-orchestra-the-rasmus-in-the-shadows-of-ukraine", :duration=>"03:01", :group=>"Kalush Orchestra & The Rasmus"}
{:title=>"Шукав тебе. Знайшов тебе", :link=>"https://meloua.com/stream/vovazilvova-morphom-shukav-tebe-znayshov-tebe", :duration=>"02:48", :group=>"VovaZiLvova & Morphom"}
